sr.no,name,matches,runs,catches,wickets,stumpings,strike rate,catchesPerMatches
2,Rohan Kanhay,144,1256,76,178,0,8.722222222222221,0.5277777777777778
4,Bahubali,10,756,6,11,3,75.6,0.6
7,Dinesh Roy,211,8537,112,16,0,40.459715639810426,0.5308056872037915
10,Litesh Singh,89,1099,46,49,0,12.348314606741573,0.5168539325842697
